age,bp_high,diabetes_uncontr,chronic_heart_dz,kidney_dz,chronic_resp_dz
20-29,1.642935378,48.19277108,0,0.6024096386,0
30-39,1.805650924,8.47630719,0.171998624,1.14379085,0.116713352
40-49,1.6687759,3.90086477,0.6750675068,1.058855886,0.6497524752
50-59,1.384627488,2.811610607,1.010526316,1.12890923,0.949742778
60-69,1.129405312,2.153825806,0.9003444145,0.5370415748,1.024088434
70-79,1.043533767,1.874224294,0.8249186539,0.2574051725,1.039019679
